INSERT INTO mp.Warehouse (
        warehouse_id,
        commodity_balance,
        date_of_last_order,
        date_of_upcoming_order
    )
VALUES (
        1,
        100,
        '2023-03-01 10:00:00',
        '2023-04-01 10:00:00'
    ),
    (
        2,
        200,
        '2023-02-15 08:00:00',
        '2023-03-15 08:00:00'
    ),
    (
        3,
        150,
        '2023-02-28 12:00:00',
        '2023-03-28 12:00:00'
    ),
    (
        4,
        300,
        '2023-03-10 14:00:00',
        '2023-04-10 14:00:00'
    ),
    (
        5,
        50,
        '2023-03-20 09:00:00',
        '2023-04-20 09:00:00'
    ),
    (
        6,
        250,
        '2023-02-28 16:00:00',
        '2023-03-28 16:00:00'
    ),
    (
        7,
        80,
        '2023-03-15 11:00:00',
        '2023-04-15 11:00:00'
    ),
    (
        8,
        175,
        '2023-03-05 13:00:00',
        '2023-04-05 13:00:00'
    ),
    (
        9,
        120,
        '2023-03-01 14:00:00',
        '2023-04-01 14:00:00'
    ),
    (
        10,
        90,
        '2023-03-18 10:00:00',
        '2023-04-18 10:00:00'
    );
INSERT INTO mp.Product (
        prod_id,
        warehouse_id,
        product_name,
        category,
        product_description,
        price
    )
VALUES (
        1,
        1,
        'Ноутбук HP',
        'Компьютеры',
        'Ноутбук с процессором Intel Core i5, 8 ГБ ОЗУ и 256 ГБ SSD',
        599.99
    ),
    (
        2,
        1,
        'Монитор Dell',
        'Мониторы',
        'Монитор с разрешением Full HD и диагональю 24 дюйма',
        199.99
    ),
    (
        3,
        2,
        'Смартфон Samsung',
        'Смартфоны',
        'Смартфон с диагональю экрана 6.4 дюйма и камерой 48 МП',
        499.99
    ),
    (
        4,
        2,
        'Планшет Apple',
        'Планшеты',
        'Планшет с дисплеем Retina, процессором A14 Bionic и поддержкой Apple Pencil',
        799.99
    ),
    (
        5,
        3,
        'Холодильник LG',
        'Бытовая техника',
        'Холодильник с системой No Frost и общим объемом 400 литров',
        999.99
    ),
    (
        6,
        3,
        'Стиральная машина Bosch',
        'Бытовая техника',
        'Стиральная машина с загрузкой до 7 кг и 14 программами стирки',
        599.99
    ),
    (
        7,
        4,
        'Кроссовки Nike',
        'Обувь',
        'Кроссовки для бега с подошвой Nike Air и дышащим верхом из текстиля',
        129.99
    ),
    (
        8,
        4,
        'Куртка The North Face',
        'Одежда',
        'Куртка для активного отдыха с водоотталкивающей обработкой и мембраной Gore-Tex',
        299.99
    ),
    (
        9,
        5,
        'Гитара Yamaha',
        'Музыкальные инструменты',
        'Акустическая гитара с топом из ели и задней декой из красного дерева',
        399.99
    ),
    (
        10,
        5,
        'Клавишный MIDI-контроллер Akai',
        'Музыкальные инструменты',
        'Клавишный MIDI-контроллер с 49 полноразмерными клавишами и встроенным сэмплером',
        249.99
    );
INSERT INTO mp.Employee (
        employee_id,
        employee_name,
        employee_role,
        employee_start_date
    )
VALUES (
        1,
        'John Smith',
        'Manager',
        '2022-01-01 00:00:00'
    ),
    (
        2,
        'Jane Doe',
        'Sales Associate',
        '2022-01-02 00:00:00'
    ),
    (
        3,
        'Bob Johnson',
        'Warehouse Worker',
        '2022-01-03 00:00:00'
    ),
    (
        4,
        'Alice Lee',
        'Marketing Specialist',
        '2022-01-04 00:00:00'
    ),
    (
        5,
        'Tom Davis',
        'IT Specialist',
        '2022-01-05 00:00:00'
    ),
    (
        6,
        'Samantha Brown',
        'HR Coordinator',
        '2022-01-06 00:00:00'
    ),
    (
        7,
        'Michael Wilson',
        'Accountant',
        '2022-01-07 00:00:00'
    ),
    (
        8,
        'Emily Taylor',
        'Customer Support',
        '2022-01-08 00:00:00'
    ),
    (
        9,
        'David Lee',
        'Product Manager',
        '2022-01-09 00:00:00'
    ),
    (
        10,
        'Karen Chen',
        'Data Analyst',
        '2022-01-10 00:00:00'
    );
INSERT INTO mp.Marketplace (marketplace_id, employee_id, marketplace_name)
VALUES (1, 1, 'Amazon'),
    (2, 2, 'Walmart'),
    (3, 3, 'Target'),
    (4, 4, 'Best Buy'),
    (5, 5, 'Home Depot'),
    (6, 6, 'Lowe''s'),
    (7, 7, 'Costco'),
    (8, 8, 'Staples'),
    (9, 9, 'Office Depot'),
    (10, 10, 'PetSmart');
INSERT INTO mp.Forecast (forecast_id, prod_id, forecast_date, quantity)
VALUES (1, 1, '2023-04-02', 100),
    (2, 2, '2023-04-02', 50),
    (3, 3, '2023-04-02', 75),
    (4, 4, '2023-04-02', 25),
    (5, 5, '2023-04-02', 10),
    (6, 6, '2023-04-02', 30),
    (7, 7, '2023-04-02', 20),
    (8, 8, '2023-04-02', 15),
    (9, 9, '2023-04-02', 40),
    (10, 10, '2023-04-02', 5);
INSERT INTO mp.Product_Marketplace (product_marketplace_id, marketplace_id, prod_id)
VALUES (1, 1, 1),
    (2, 1, 2),
    (3, 2, 3),
    (4, 3, 4),
    (5, 3, 5),
    (6, 4, 6),
    (7, 4, 7),
    (8, 5, 8),
    (9, 6, 9),
    (10, 7, 10);
